
INSERT INTO users (username, password) VALUES ('carla', '123');

INSERT INTO watson (saved_on, anger_score, disgust_score, fear_score, joy_score, sadness_score, username)
VALUES
       ('2016-12-14', '0.142021', '0.209965', '0.030666', '0.0798084', '0.0568845', 'carla'),
       ('2016-12-13', '0.437327', '0.456828', '0.048761', '0.033854', '0.482709', 'carla'),
       ('2016-12-12', '0.144327', '0.174828', '0.44961', '0.143854', '0.482709', 'carla'),
       ('2016-12-12', '0.144327', '0.174828', '0.11961', '0.143854', '0.482709', 'carla'),
       ('2016-12-11', '0.542021', '0.109965', '0.080666', '0.098084', '0.268845', 'carla'),
       ('2016-12-10', '0.144327', '0.174828', '0.11961', '0.143854', '0.482709', 'carla'),
       ('2016-12-09', '0.542021', '0.109965', '0.080666', '0.098084', '0.268845', 'carla'),
       ('2016-12-08', '0.542021', '0.109965', '0.080666', '0.098084', '0.268845', 'carla'),
       ('2016-12-07', '0.144327', '0.174828', '0.11961', '0.143854', '0.482709', 'carla'),
       ('2016-12-06', '0.542021', '0.109965', '0.080666', '0.098084', '0.268845', 'carla');

INSERT INTO users (username, password) VALUES ('jo', '123');

INSERT INTO watson (saved_on, anger_score, disgust_score, fear_score, joy_score, sadness_score, username)
VALUES
       ('2016-12-14', '0.142021', '0.209965', '0.430666', '0.298084', '0.268845', 'jo'),
       ('2016-12-13', '0.037327', '0.026828', '0.12761', '0.213854', '0.482709', 'jo'),
       ('2016-12-12', '0.144327', '0.174828', '0.44961', '0.143854', '0.482709', 'jo'),
       ('2016-12-11', '0.542021', '0.109965', '0.080666', '0.098084', '0.268845', 'jo'),
       ('2016-12-10', '0.144327', '0.174828', '0.11961', '0.143854', '0.482709', 'jo'),
       ('2016-12-09', '0.542021', '0.109965', '0.080666', '0.098084', '0.268845', 'jo'),
       ('2016-12-08', '0.542021', '0.109965', '0.080666', '0.098084', '0.268845', 'jo'),
       ('2016-12-07', '0.144327', '0.174828', '0.11961', '0.143854', '0.482709', 'jo'),
       ('2016-12-06', '0.542021', '0.109965', '0.080666', '0.098084', '0.268845', 'jo');

INSERT INTO users (username, password) VALUES ('bo', '123');

INSERT INTO watson (saved_on, anger_score, disgust_score, fear_score, joy_score, sadness_score, username)
VALUES
       ('2016-12-14', '0.342021', '0.109965', '0.080666', '0.098084', '0.268845', 'bo'),
       ('2016-12-13', '0.077327', '0.174828', '0.12761', '0.013854', '0.122709', 'bo'),
       ('2016-12-12', '0.144327', '0.174828', '0.11961', '0.143854', '0.482709', 'bo'),
       ('2016-12-11', '0.542021', '0.109965', '0.080666', '0.098084', '0.268845', 'bo'),
       ('2016-12-10', '0.144327', '0.174828', '0.11961', '0.143854', '0.482709', 'bo'),
       ('2016-12-09', '0.542021', '0.109965', '0.080666', '0.098084', '0.268845', 'bo'),
       ('2016-12-08', '0.542021', '0.109965', '0.080666', '0.098084', '0.268845', 'bo'),
       ('2016-12-07', '0.144327', '0.174828', '0.11961', '0.143854', '0.482709', 'bo'),
       ('2016-12-06', '0.542021', '0.109965', '0.080666', '0.098084', '0.268845', 'bo');



INSERT INTO quotes (quote, author, emotion)
VALUES ('Speak when you''re angry, and you''ll make the best speech you''ll ever regret', 'Ambrose Bierce', 'anger'),
       ('You will not be punished for your anger, you will be punished by your anger.', 'Buddha', 'anger'),
       ('For every minute you remain angry, you give up sixty seconds of peace of mind.', 'Ralph Waldo Emerson', 'anger'),
       ('Anger is the enemy of non-violence and pride is a monster that swallows it up.', 'Mahatma Gandhi', 'anger'),
       ('Holding on to anger is like grasping a hot coal with the intent of throwing it at someone else; you are the one who gets burned.', 'Buddha', 'angry'),
       ('People won''t have time for you if you are always angry or complaining.', 'Stephen Hawking', 'anger'),
       ('When anger rises, think of the consequences.', 'Confucius', 'anger'),
       ('Anybody can become angry - that is easy, but to be angry with the right person and to the right degree and at the right time and for the right purpose, and in the right way - that is not within everybody''s power and is not easy.', 'Aristotle', 'anger'),
       ('Whatever is begun in anger ends in shame.', 'Benjamin Franklin', 'anger'),
       ('Anger and intolerance are the enemies of correct understanding.', 'Mahatma Gandhi', 'anger'),
       ('Appearance is something absolute, but reality is not that way - everything is interdependent, not absolute. So that view is very helpful to maintain a peace of mind because the main destroyer of a peaceful mind is anger.', 'Dalai Lama', 'anger'),
       ('I shall allow no man to belittle my soul by making me hate him.', 'Booker T. Washington', 'anger'),
       ('I used to be disgusted; now I try to be amused.', 'Elvis Costello', 'disgust'),
       ('No one is so completely disenchanted with the world, or knows it so thoroughly, or is so utterly disgusted with it, that when it begins to smile upon him he does not become partially reconciled to it.', 'Giacomo Leopardi', 'disgust'),
       ('I am hard to disgust, but a pretentious poet can do it', 'Marianne Moore', 'disgust'),
       ('I had forgotten. Disgust shadows desire. Another life is never safely envied', 'Robert Wells', 'disgust'),
       ('I learned that courage was not the absence of fear, but the triumph over it. The brave man is not he who does not feel afraid, but he who conquers that fear', 'Nelson Mandela', 'fear'),
       ('The fear of death follows from the fear of life. A man who lives fully is prepared to die at any time.', 'Mark Twain', 'fear'),
       ('We are afraid to care too much, for fear that the other person does not care at all.', 'Eleanor Roosevelt', 'fear'),
       ('Fear keeps us focused on the past or worried about the future. If we can acknowledge our fear, we can realize that right now we are okay. Right now, today, we are still alive, and our bodies are working marvelously. Our eyes can still see the beautiful sky. Our ears can still hear the voices of our loved ones.', 'Thich Nhat Hanh', 'fear'),
       ('We can easily forgive a child who is afraid of the dark; the real tragedy of life is when men are afraid of the light.', 'Plato', 'fear'),
       ('Courage is resistance to fear, mastery of fear, not absence of fear.', 'Mark Twain', 'fear'),
       ('Remembering that I''ll be dead soon is the most important tool I''ve ever encountered to help me make the big choices in life. Because almost everything - all external expectations, all pride, all fear of embarrassment or failure - these things just fall away in the face of death, leaving only what is truly important.', 'Steve Jobs', 'fear'),
       ('If you know the enemy and know yourself you need not fear the results of a hundred battles.', 'Sun Tzu', 'fear'),
       ('Being happy never goes out of style.', 'Lilly Pulitzer', 'joy'),
       ('Don''t waste a minute not being happy. If one window closes, run to the next window or break down a door.', 'Brooke Shields', 'joy'),
       ('When you rise in the morning, give thanks for the light, for your life, for your strength. Give thanks for your food and for the joy of living. If you see no reason to give thanks, the fault lies in yourself', 'Tecumseh', 'joy'),
       ('Joy in looking and comprehending is nature''s most beautiful gift.', 'Albert Einstein', 'joy'),
       ('We are shaped by our thoughts; we become what we think. When the mind is pure, joy follows like a shadow that never leaves.', 'Buddha', 'joy'),
       ('Happiness lies in the joy of achievement and the thrill of creative effort.', 'Franklin D. Roosevelt', 'joy'),
       ('It is the supreme art of the teacher to awaken joy in creative expression and knowledge.', 'Albert Einstein', 'joy'),
       ('Gratitude can transform common days into thanksgivings, turn routine jobs into joy, and change ordinary opportunities into blessings.', 'William Arthur Ward', 'joy'),
       ('Let my soul smile through my heart and my heart smile through my eyes, that I may scatter rich smiles in sad hearts. ', 'Paramahansa Yogananda', 'sadness'),
       ('Tears come from the heart and not from the brain.', 'Leonardo DaVinci', 'sadness'),
       ('The good times of today, are the sad thoughts of tomorrow.', 'Bob Marley', 'sadness'),
       ('It''s sad to know I''m done. But looking back, I''ve got a lot of great memories.', 'Bonnie Blair', 'sadness'),
       ('First, accept sadness. Realize that without losing, winning isn''t so great.', 'Alyssa Milano', 'sadness'),
       ('The word ''happy'' would lose its meaning if it were not balanced by sadness.', 'Carl Jung', 'sadness'),
       ('Your pain is the breaking of the shell that encloses your understanding.', 'Khalil Gibran', 'sadness'),
       ('Affliction comes to us, not to make us sad but sober; not to make us sorry but wise.', 'H. G. Wells', 'sadness'),
       ('The rose and the thorn, and sorrow and gladness are linked together.', 'Saadi', 'sadness'),
       ('Sadness is but a wall between two gardens.', 'Khalil Gibran', 'sadness');

